33426,BOYNTON BEACH FL,FL
94521,CONCORD CA,CA
29492,CHARLESTON SC,SC
33472,BOYNTON BEACH FL,FL
30071,NORCROSS GA,GA
11545,GLEN HEAD NY,NY
45241,CINCINNATI OH,OH
73055,MARLOW OK,OK
20747,DISTRICT HEIGHTS MD,MD
16503,ERIE PA,PA
10710,YONKERS NY,NY
84096,HERRIMAN UT,UT
73505,LAWTON OK,OK
29506,FLORENCE SC,SC
93551,PALMDALE CA,CA
29501,FLORENCE SC,SC
15317,CANONSBURG PA,PA
47720,EVANSVILLE IN,IN
48625,HARRISON MI,MI
60612,CHICAGO IL,IL
90701,ARTESIA CA,CA
43623,TOLEDO OH,OH
93063,SIMI VALLEY CA,CA
56082,SAINT PETER MN,MN
56082,SAINT PETER MN,MN
55119,SAINT PAUL MN,MN
34232,SARASOTA FL,FL
28152,SHELBY NC,NC
97504,MEDFORD OR,OR
77520,BAYTOWN TX,TX
85353,TOLLESON AZ,AZ
11366,FRESH MEADOWS NY,NY
55101,SAINT PAUL MN,MN
43623,TOLEDO OH,OH
29556,KINGSTREE SC,SC
78211,SAN ANTONIO TX,TX
77346,HUMBLE TX,TX
64079,PLATTE CITY MO,MO
15223,PITTSBURGH PA,PA
43302,MARION OH,OH
43314,CALEDONIA OH,OH
48183,TRENTON MI,MI
34293,VENICE FL,FL
37412,CHATTANOOGA TN,TN
92801,ANAHEIM CA,CA
78209,SAN ANTONIO TX,TX
80601,BRIGHTON CO,CO
57656,TIMBER LAKE SD,SD
89801,ELKO NV,NV
18504,SCRANTON PA,PA
11214,BROOKLYN NY,NY
97838,HERMISTON OR,OR
11358,FLUSHING NY,NY
31326,RINCON GA,GA
60565,NAPERVILLE IL,IL
14617,ROCHESTER NY,NY
48367,LEONARD MI,MI
45030,HARRISON OH,OH
72916,FORT SMITH AR,AR
12189,WATERVLIET NY,NY
21218,BALTIMORE MD,MD
59718,BOZEMAN MT,MT
55401,MINNEAPOLIS MN,MN
56342,ISLE MN,MN
71106,SHREVEPORT LA,LA
74948,MULDROW OK,OK
46202,INDIANAPOLIS IN,IN
45426,DAYTON OH,OH
77498,SUGAR LAND TX,TX
93063,SIMI VALLEY CA,CA
93063,SIMI VALLEY CA,CA
